Token ID,Person Name,Birthplace,Ethnicity,Occupation,The Special Trait
1,Theseusides,West Macedonia,Macedonians,General,
2,Zenoenor,West Macedonia,Macedonians,General,
3,Herodotusides,West Macedonia,Macedonians,General,
4,Damasiasion,West Macedonia,Macedonians,General,
5,Simonidesides,West Macedonia,Macedonians,Admiral,
6,Aristarchusan,West Macedonia,Macedonians,General,
7,Diocleson,West Macedonia,Macedonians,Treasurer,The Money Man
8,Arrianan,West Macedonia,Macedonians,General,
9,Leucippusan,West Macedonia,Macedonians,Admiral,
10,Hippocrateson,West Macedonia,Macedonians,Statesman,
11,Hepper,West Macedonia,Macedonians,General,Strategic Genius
12,Ione,West Macedonia,Macedonians,Priestess,
13,Callisthenesenor,West Macedonia,Macedonians,General,
14,Hippasusos,West Macedonia,Macedonians,Rebel,
15,Thucydidesicles,West Macedonia,Macedonians,General,
16,Eurymedonides,West Macedonia,Macedonians,Admiral,
17,Perseusion,West Macedonia,Macedonians,Ruling Elite,
18,Epicurusan,West Macedonia,Macedonians,General,
19,Archimedesion,West Macedonia,Macedonians,Rebel,
20,Aristidesion,West Macedonia,Macedonians,General,
21,Aristarchusides,West Macedonia,Macedonians,General,
22,Ptolemaiosion,West Macedonia,Macedonians,Rebel,
23,Xenophanesus,West Macedonia,Macedonians,General,
24,Periclesan,West Macedonia,Macedonians,Marble Quarry Worker,
25,Sapphoas,West Macedonia,Macedonians,General,
26,Dioscuridesan,West Macedonia,Macedonians,Priestess,Empathetic Healer
27,Empedocleson,West Macedonia,Macedonians,Priest,
28,Hipparchusan,West Macedonia,Macedonians,Ruling Elite,
29,Cratesus,West Macedonia,Macedonians,Statesman,
30,Pyrrhosenor,West Macedonia,Macedonians,General,
31,Heraklesides,West Macedonia,Macedonians,Rebel,
32,Arrianion,West Macedonia,Macedonians,General,
33,Aristidesas,West Macedonia,Macedonians,General,
34,Gorgiasenor,West Macedonia,Macedonians,Priest,
35,Dracoicles,West Macedonia,Macedonians,General,
36,Demosthenesion,West Macedonia,Macedonians,General,
37,Arrianus,West Macedonia,Macedonians,Marble Quarry Worker,
38,Metrodoruson,West Macedonia,Macedonians,Colonist,Master Organizer
39,Protagorasos,West Macedonia,Macedonians,General,
40,Helioclesos,Central Macedonia,Macedonians,Treasurer,
41,Heraclitusan,Central Macedonia,Macedonians,General,
42,Anaxagorasus,Central Macedonia,Macedonians,General,
43,Corinnaion,Central Macedonia,Macedonians,Admiral,
44,Polybiusos,Central Macedonia,Macedonians,Farmer,
45,Anno of Eleaas,Central Macedonia,Macedonians,General,
46,Hipparchiaus,Central Macedonia,Macedonians,Olympic Athlete,220cm Height
47,Efialtesenor,Central Macedonia,Macedonians,General,
48,Periclesion,Central Macedonia,Macedonians,General,
49,Euripidesenor,Central Macedonia,Macedonians,General,
50,Herodotusion,Central Macedonia,Macedonians,General,
51,Cimonos,Central Macedonia,Macedonians,Marble Quarry Worker,
52,Clituses,Central Macedonia,Macedonians,Rebel,
53,Hellasion,Central Macedonia,Macedonians,General,
54,Archilochuses,Central Macedonia,Macedonians,General,
55,Pyrrhosan,Central Macedonia,Macedonians,Ruling Elite,
56,Aristotleicles,Central Macedonia,Macedonians,Mathematician,
57,Menandericles,Central Macedonia,Macedonians,General,
58,Zenoion,Central Macedonia,Macedonians,Priestess,
59,Helioclesides,Central Macedonia,Macedonians,General,
60,Ptolemyus,Central Macedonia,Macedonians,General,
61,Homeran,Central Macedonia,Macedonians,General,
62,Menanderes,Central Macedonia,Macedonians,General,
63,Pyrrhosus,Central Macedonia,Macedonians,General,
64,Theocrituses,Central Macedonia,Macedonians,Marble Quarry Worker,
65,Protagorasas,Central Macedonia,Macedonians,Statesman,
66,Aristophanesan,Central Macedonia,Macedonians,Admiral,
67,Theseusicles,Central Macedonia,Macedonians,General,
68,Gorgiason,Central Macedonia,Macedonians,General,
69,Antiochusicles,Central Macedonia,Macedonians,General,
70,Lycurguson,Central Macedonia,Macedonians,Admiral,
71,Democrituses,Central Macedonia,Macedonians,General,
72,Thucydidesicles,Central Macedonia,Macedonians,General,
73,Hippocratesan,Central Macedonia,Macedonians,Admiral,
74,Anaximanderan,Central Macedonia,Macedonians,Rebel,
75,Bionon,Central Macedonia,Macedonians,Marble Quarry Worker,
76,Thucydideson,Central Macedonia,Macedonians,General,
77,Bellerophonides,Central Macedonia,Macedonians,General,
78,Epicurusan,Central Macedonia,Macedonians,Field Doctor,Master Surgeon
79,Dionysiosos,Central Macedonia,Macedonians,General,
80,Aristotleon,Central Macedonia,Macedonians,Rebel,The Cruel
81,Heraklesion,Central Macedonia,Macedonians,General,
82,Callimachusicles,Central Macedonia,Macedonians,General,
83,Seleukosos,Central Macedonia,Macedonians,Admiral,
84,Democrituson,Central Macedonia,Macedonians,Treasurer,Brilliant Scholar
85,Egestaides,Central Macedonia,Macedonians,General,
86,Helioclesicles,Central Macedonia,Macedonians,General,
87,Callimachusas,Central Macedonia,Macedonians,General,
88,Artemision,Central Macedonia,Macedonians,General,
89,Hesiodus,Central Macedonia,Macedonians,Woodcutter,
90,Heliocleses,Central Macedonia,Macedonians,Rebel,
91,Euphorionion,Central Macedonia,Macedonians,Ruling Elite,
92,Dioclesan,Central Macedonia,Macedonians,General,
93,Hectorides,Central Macedonia,Macedonians,General,
94,Asclepiadesides,Central Macedonia,Macedonians,Admiral,
95,Philipposon,Central Macedonia,Macedonians,Marble Quarry Worker,
96,Ptolemyan,Central Macedonia,Macedonians,General,
97,Harmodiusan,Central Macedonia,Macedonians,Statesman,
98,Ptolemyenor,Central Macedonia,Macedonians,Rebel,
99,Heraclitusus,Central Macedonia,Macedonians,General,
100,Apolloniusicles,Central Macedonia,Macedonians,General,
101,Xenophones,Central Macedonia,Macedonians,Priestess,
102,Hipponaxes,Central Macedonia,Macedonians,General,
103,Dicaearchusus,Central Macedonia,Macedonians,General,
104,Antisthenesides,Central Macedonia,Macedonians,General,
105,Callisthenesion,Central Macedonia,Macedonians,General,
106,Cimonus,Central Macedonia,Macedonians,Field Doctor,
107,Plutarchenor,Central Macedonia,Macedonians,Admiral,
108,Leucippuson,Central Macedonia,Macedonians,General,
109,Leonidasides,Central Macedonia,Macedonians,General,
110,Isocrateses,Central Macedonia,Macedonians,Ruling Elite,
111,Epicurusas,Central Macedonia,Macedonians,Marble Quarry Worker,
112,Solonides,Central Macedonia,Macedonians,General,
113,Aristotlees,Central Macedonia,Macedonians,General,
114,Battusos,Central Macedonia,Macedonians,Statesman,
115,Thucydidesan,Central Macedonia,Macedonians,General,
116,Callisthenesicles,Central Macedonia,Macedonians,General,
117,Zenoicles,Central Macedonia,Macedonians,Priest,
118,Apollo of Eleaides,Central Macedonia,Macedonians,General,
119,Damonon,Central Macedonia,Macedonians,General,
120,Seleukosides,Central Macedonia,Macedonians,General,
121,Menanderus,Central Macedonia,Macedonians,Statesman,
122,Ibycusas,Central Macedonia,Macedonians,Ruling Elite,
123,Apolloniusides,Central Macedonia,Macedonians,Rebel,
124,Andronikosicles,Central Macedonia,Macedonians,General,
125,Isocratesus,Central Macedonia,Macedonians,General,
126,Ictinuses,Central Macedonia,Macedonians,Admiral,
127,Theophrastusas,Central Macedonia,Macedonians,Colonist,Astute Economist
128,Euphoriones,Central Macedonia,Macedonians,Miner,
129,Asclepiadesos,Central Macedonia,Macedonians,Colonist,
130,Orpheusus,Central Macedonia,Macedonians,Marble Quarry Worker,
131,Pausaniasenor,Central Macedonia,Macedonians,Colonist,
132,Apolloniusion,Central Macedonia,Macedonians,General,
133,Achilleses,Central Macedonia,Macedonians,General,
134,Bryaxision,Central Macedonia,Macedonians,General,
135,Xenocratesas,Central Macedonia,Macedonians,General,
136,Bellerophonus,Central Macedonia,Macedonians,General,
137,Demetriusus,Central Macedonia,Macedonians,General,
138,Democritusenor,Central Macedonia,Macedonians,General,
139,Dionos,Central Macedonia,Macedonians,General,
140,Echecratesos,Central Macedonia,Macedonians,General,
141,Euclidides,Central Macedonia,Macedonians,Priestess,
142,Aristarchusas,Central Macedonia,Macedonians,General,
143,Xenophanesion,Central Macedonia,Macedonians,General,Savage Berserker
144,Hippocratesas,Central Macedonia,Macedonians,Admiral,
145,Dionion,Central Macedonia,Macedonians,Priestess,
146,Damonicles,Central Macedonia,Macedonians,General,
147,Anaxagorasos,Central Macedonia,Macedonians,General,
148,Heraclitusides,Central Macedonia,Macedonians,General,
149,Artemison,Central Macedonia,Macedonians,General,
150,Damasiason,Thessaly,Thessalians,General,
151,Philipposes,Thessaly,Thessalians,General,
152,Damasiasas,Thessaly,Thessalians,General,
153,Thucydidesos,Thessaly,Thessalians,General,Savage Berserker
154,Cypseluson,Thessaly,Thessalians,Statesman,
155,Polybiusion,Thessaly,Thessalians,General,
156,Dionon,Thessaly,Thessalians,Statesman,
157,Solonicles,Thessaly,Thessalians,General,
158,Damonan,Thessaly,Thessalians,Admiral,
159,Basilidesenor,Thessaly,Thessalians,General,
160,Asclepiadesenor,Thessaly,Thessalians,General,
161,Platoides,Thessaly,Thessalians,Rebel,
162,Hipparchusenor,Thessaly,Thessalians,Field Doctor,
163,Aristidesenor,Thessaly,Thessalians,Rebel,
164,Hectores,Thessaly,Thessalians,General,
165,Archytasion,Thessaly,Thessalians,General,
166,Damonas the Wise,Thessaly,Thessalians,General,
167,Simonideses,Thessaly,Thessalians,General,
168,Cleopatraon,Thessaly,Thessalians,General,
169,Archilochusion,Thessaly,Thessalians,General,
170,Demostheneses,Thessaly,Thessalians,Rebel,
171,Aristidesides,Thessaly,Thessalians,Admiral,
172,Aristotleenor,Thessaly,Thessalians,Statesman,
173,Efialteson,Thessaly,Thessalians,General,
174,Empedoclesan,Thessaly,Thessalians,Statesman,
175,Pyrrhoenor,Thessaly,Thessalians,Colonist,
176,Hipponaxides,Thessaly,Thessalians,General,
177,Carneadesion,Thessaly,Thessalians,Rebel Priestess,The Owl of Athena
178,Eumenesos,Thessaly,Thessalians,General,
179,Ictinusion,Thessaly,Thessalians,Priestess,
180,Clitusan,Thessaly,Thessalians,Priest,
181,Xenocratesan,Thessaly,Thessalians,General,
182,Bacchylidesos,Thessaly,Thessalians,Priest,
183,Democritusion,Thessaly,Thessalians,General,
184,Herodotusos,Thessaly,Thessalians,General,
185,Andronikosenor,Thessaly,Thessalians,General,
186,Agamemnonan,Thessaly,Thessalians,General,
187,Iamblichusos,Thessaly,Thessalians,Statesman,
188,Archytasicles,Thessaly,Thessalians,General,
189,Anaxagorasan,Thessaly,Thessalians,Admiral,
190,Xenocrateson,Thessaly,Thessalians,General,
191,Eumenesas,Thessaly,Thessalians,General,
192,Battusas,Thessaly,Thessalians,General,
193,Theocritusides,Thessaly,Thessalians,Marble Quarry Worker,
194,Herophilusos,Thessaly,Thessalians,General,
195,Plutarchicles,Thessaly,Thessalians,General,
196,Fillia of Eleaenor,Thessaly,Thessalians,General,
197,Aristophanesenor,Thessaly,Thessalians,General,
198,Euphorionas,Thessaly,Thessalians,General,
199,Thalesan,Thessaly,Thessalians,General,
200,Andronikosides,Thessaly,Thessalians,General,
201,Critiasenor,Thessaly,Thessalians,General,
202,Euclidicles,Thessaly,Thessalians,General,
203,Epicurusus,Thessaly,Thessalians,General,
204,Aristophanesas,Thessaly,Thessalians,Priestess,
205,Timaeusion,Thessaly,Thessalians,General,
206,Philipposos,Thessaly,Thessalians,Priest,
207,Arrianas,Thessaly,Thessalians,General,
208,Hipparchusides,Thessaly,Thessalians,General,
209,Cleisthenesides,Thessaly,Thessalians,Historian,
210,Epictetusas,Thessaly,Thessalians,General,
211,Aristophaneson,Thessaly,Thessalians,General,
212,Zopyruses,Thessaly,Thessalians,Statesman,
213,Isocratesion,Thessaly,Thessalians,General,
214,Herophiluses,Thessaly,Thessalians,General,
215,Eumenesicles,Thessaly,Thessalians,General,
216,Solonos,Thessaly,Thessalians,General,
217,Damonion,Thessaly,Thessalians,General,
218,Thucydideson,Thessaly,Thessalians,Statesman,
219,Pythagorasos,Thessaly,Thessalians,Admiral,
220,Critiasicles,Thessaly,Thessalians,General,
221,Cypseluses,Thessaly,Thessalians,General,
222,Pythagorasenor,Thessaly,Thessalians,General,
223,Zenous,Thessaly,Thessalians,General,
224,Bellerophonenor,Thessaly,Thessalians,General,
225,Orpheusides,Thessaly,Thessalians,General,
226,Sapphous,Thessaly,Thessalians,Statesman,
227,Hipponaxon,Thessaly,Thessalians,General,
228,Homerion,Thessaly,Thessalians,Rebel,
229,Leonidason,Thessaly,Thessalians,General,Strategic Genius
230,Herophilusas,Epirus,Epirotes,General,
231,Achillesides,Epirus,Epirotes,General,
232,Theseuses,Epirus,Epirotes,General,
233,Agamemnones,Epirus,Epirotes,Colonist,
234,Andronikosus,Epirus,Epirotes,General,
235,Solonon,Epirus,Epirotes,General,
236,Chilonus,Epirus,Epirotes,General,
237,Socratesides,Epirus,Epirotes,General,
238,Diotimaus,Epirus,Epirotes,General,
239,Sophoclesicles,Epirus,Epirotes,General,
240,Harmodiusenor,Epirus,Epirotes,Treasurer,Political Savvy
241,Euclidion,Epirus,Epirotes,General,
242,Thalesos,Epirus,Epirotes,General,
243,Demosthenesicles,Epirus,Epirotes,General,
244,Euripideson,Epirus,Epirotes,General,
245,Homerides,Epirus,Epirotes,General,
246,Antistheneses,Epirus,Epirotes,General,
247,Orpheuses,Epirus,Epirotes,Statesman,Political Savvy
248,Thucydideses,Epirus,Epirotes,General,
249,Euphorionicles,Epirus,Epirotes,General,
250,Parmenidesus,Epirus,Epirotes,General,
251,Thalesion,Epirus,Epirotes,Priestess,The Owl of Athena
252,Dioclesus,Epirus,Epirotes,Statesman,
253,Achillesicles,Epirus,Epirotes,Priest,
254,Isocratesicles,Epirus,Epirotes,Priestess,
255,Bryaxisides,Epirus,Epirotes,Admiral,
256,Gorgiasus,Epirus,Epirotes,Miner,
257,Hipparchiaides,Epirus,Epirotes,Statesman,
258,Aristidesan,Epirus,Epirotes,Admiral,
259,Pausaniasion,Epirus,Epirotes,Statesman,
260,Straboes,Epirus,Epirotes,General,
261,Leonidasion,Epirus,Epirotes,Priestess,
262,Dionysioson,Epirus,Epirotes,General,
263,Aesopus,Epirus,Epirotes,Ruling Elite,Guardian of Secrets
264,Thespisides,Epirus,Epirotes,General,
265,Antiochusan,Epirus,Epirotes,Olympic Athlete,
266,Helioclesas,Epirus,Epirotes,General,
267,Isocratesan,Epirus,Epirotes,General,
268,Hipponaxenor,Epirus,Epirotes,General,
269,Callimachusenor,Epirus,Epirotes,Rebel,
270,Socratesenor,Ionian Islands,Ionians,General,
271,Alexandrosus,Ionian Islands,Ionians,General,
272,Dionus,Ionian Islands,Ionians,General,Natural Leader
273,Protagorason,Ionian Islands,Ionians,General,
274,Sapphoan,Ionian Islands,Ionians,General,
275,Isocrateson,Ionian Islands,Ionians,Marble Quarry Worker,
276,Basilidesos,Ionian Islands,Ionians,Historian,
277,Xenocrateses,Ionian Islands,Ionians,General,
278,Diotimaon,Ionian Islands,Ionians,General,
279,Homeron,Ionian Islands,Ionians,General,
280,Cliniasides,Ionian Islands,Ionians,General,
281,Orpheusion,Ionian Islands,Ionians,General,
282,Archilochusus,Ionian Islands,Ionians,Rebel,
283,Thespisan,Ionian Islands,Ionians,General,
284,Bionus,Ionian Islands,Ionians,Rebel,
285,Aristarchuson,Ionian Islands,Ionians,Colonist,
286,Harmodiusion,Ionian Islands,Ionians,General,Tactical Visionary
287,Anaxagorases,Ionian Islands,Ionians,General,
288,Clitusion,Ionian Islands,Ionians,Colonist,
289,Heraclituson,Ionian Islands,Ionians,Historian,
290,Anaximanderides,Ionian Islands,Ionians,General,
291,Deinocratesicles,Ionian Islands,Ionians,General,
292,Homeres,Ionian Islands,Ionians,Priest,
293,Sophronenor,Ionian Islands,Ionians,General,
294,Demosthenesenor,Ionian Islands,Ionians,General,
295,Empedoclesion,Ionian Islands,Ionians,General,
296,Harmodiuses,Ionian Islands,Ionians,General,
297,Antisthenesan,Ionian Islands,Ionians,General,
298,Herophilusicles,Ionian Islands,Ionians,Miner,
299,Echecratesan,Ionian Islands,Ionians,Admiral,
300,Epicuruson,Ionian Islands,Ionians,Priest,
301,Plutarchus,West Greece,Epirotes,General,
302,Callistheneses,West Greece,Epirotes,General,
303,Metrodorusides,West Greece,Epirotes,General,
304,Anaximenesicles,West Greece,Epirotes,General,
305,Heraklesus,West Greece,Epirotes,Priest,The Drowned One
306,Euripidesion,West Greece,Epirotes,General,Fearless Warrior
307,Aspasiaon,West Greece,Epirotes,General,
308,Aristophanesenor,West Greece,Epirotes,General,
309,Leucippusion,West Greece,Epirotes,Rebel,
310,Xenocratesos,West Greece,Epirotes,Admiral,
311,Deinocratesion,West Greece,Epirotes,General,
312,Antiochusion,West Greece,Epirotes,General,
313,Gorgiasicles,West Greece,Epirotes,General,
314,Heraklesenor,West Greece,Epirotes,General,
315,Sophoclesenor,West Greece,Epirotes,General,Fearless Warrior
316,Aristophanesicles,West Greece,Epirotes,General,
317,Menanderas,West Greece,Epirotes,General,
318,Cimonas,West Greece,Epirotes,General,
319,Aristotleus,West Greece,Epirotes,Miner,
320,Bionenor,West Greece,Epirotes,General,
321,Cimonides,West Greece,Epirotes,General,
322,Euripidesas,West Greece,Epirotes,Rebel,Mysterious Loner
323,Critiason,West Greece,Epirotes,Treasurer,
324,Polybiusenor,West Greece,Epirotes,General,
325,Archytasenor,West Greece,Epirotes,General,
326,Periclesicles,West Greece,Epirotes,General,
327,Aristarchusos,West Greece,Epirotes,Priest,The Ancient Wisdom Carrier
328,Epicuruson,West Greece,Epirotes,General,
329,Deinocratesas,West Greece,Epirotes,General,
330,Dracoion,West Greece,Epirotes,Admiral,Resourceful Planner
331,Ptolemaiosenor,West Greece,Epirotes,General,
332,Zenoes,West Greece,Epirotes,General,
333,Xenophonus,West Greece,Epirotes,General,
334,Deinocratesan,West Greece,Epirotes,General,
335,Leucippusus,West Greece,Epirotes,Admiral,
336,Critiasus,West Greece,Epirotes,General,
337,Aristophanesion,West Greece,Epirotes,General,
338,Ptolemyion,West Greece,Epirotes,Priest,Mysterious Loner
339,Hippasusides,West Greece,Epirotes,General,
340,Leonidasan,West Greece,Epirotes,Marble Quarry Worker,
341,Aspasiaos,West Greece,Epirotes,General,
342,Deinocratesides,West Greece,Epirotes,Priest,
343,Polybiuses,West Greece,Epirotes,General,
344,Cleopatraan,West Greece,Epirotes,General,
345,Theseuson,West Greece,Epirotes,General,
346,Cypselusasa,West Greece,Epirotes,Priestess,The Ancient Wisdom Carrier
347,Theocritusenor,West Greece,Epirotes,General,
348,Straboicles,West Greece,Epirotes,General,
349,Aggath of Eleaon,West Greece,Epirotes,General,
350,Pythagorason,West Greece,Epirotes,Priestess,The Elder
351,Archimedesan,West Greece,Epirotes,Priest,
352,Heraklesos,West Greece,Epirotes,Statesman,The Negotiator
353,Hegesiasos,West Greece,Epirotes,General,
354,Dionysioses,West Greece,Epirotes,General,
355,Artemisenor,West Greece,Epirotes,Statesman,
356,Platoos,West Greece,Epirotes,General,
357,Corinnaon,West Greece,Epirotes,General,
358,Herophilusus,West Greece,Epirotes,General,
359,Arrianenor,West Greece,Epirotes,General,Ruthless Conqueror
360,Aristophanesan,West Greece,Epirotes,Ruling Elite,Eloquent Diplomat
361,Clitusos,West Greece,Epirotes,General,
362,Clitusenor,West Greece,Epirotes,Statesman,
363,Aristideses,West Greece,Epirotes,Rebel,
364,Bacchylidesan,West Greece,Epirotes,General,
365,Diocleses,West Greece,Epirotes,General,
366,Thucydidesus,West Greece,Epirotes,Priestess,
367,Empedoclesicles,West Greece,Epirotes,General,
368,Hipparchusas,West Greece,Epirotes,General,
369,Corinnaicles,Peloponnese,Spartans,Rebel,
370,Solonan,Peloponnese,Spartans,Priest,
371,Artemisan,Peloponnese,Spartans,General,
372,Egestaas,Peloponnese,Spartans,General,
373,Cleisthenesus,Peloponnese,Spartans,General,Diplomatic Negotiator
374,Eratosthenesenor,Peloponnese,Spartans,General,
375,Hegesiasides,Peloponnese,Spartans,Priestess,
376,Dionas,Peloponnese,Spartans,Admiral,
377,Leonidasos,Peloponnese,Spartans,General,
378,Dicaearchusos,Peloponnese,Spartans,General,
379,Dracoenor,Peloponnese,Spartans,General,
380,Timaeusos,Peloponnese,Spartans,Rebel,
381,Leonidasicles,Peloponnese,Spartans,General,
382,Sapphoides,Peloponnese,Spartans,General,
383,Lysanderas,Peloponnese,Spartans,Ruling Elite,Extra Beautiful
384,Bionan,Peloponnese,Spartans,General,
385,Aesopicles,Peloponnese,Spartans,General,
386,Protagorasicles,Peloponnese,Spartans,Priestess,
387,Plutarchos,Peloponnese,Spartans,General,
388,Zopyruson,Peloponnese,Spartans,Colonist,
389,Dionysiosides,Peloponnese,Spartans,General,
390,Socratesus,Peloponnese,Spartans,General,
391,Basilidesus,Peloponnese,Spartans,Admiral,
392,Efialtesan,Peloponnese,Spartans,Miner,
393,Dionysiosion,Peloponnese,Spartans,Farmer,
394,Polybiusicles,Peloponnese,Spartans,General,
395,Dicaearchusion,Peloponnese,Spartans,General,
396,Leucippusas,Peloponnese,Spartans,General,
397,Cliniasas,Peloponnese,Spartans,General,
398,Gorgiasion,Peloponnese,Spartans,General,
399,Carneadesus,Peloponnese,Spartans,General,
400,Xenophonides,Peloponnese,Spartans,Admiral,
401,Cleopatraes,Peloponnese,Spartans,General,
402,Heraclitusicles,Peloponnese,Spartans,Statesman,
403,Xenophaneses,Peloponnese,Spartans,Admiral,
404,Seleukosion,Peloponnese,Spartans,General,
405,Simonidesion,Peloponnese,Spartans,General,
406,Theophrastusus,Peloponnese,Spartans,General,
407,Andronikoson,Peloponnese,Spartans,General,
408,Socratesan,Peloponnese,Spartans,General,
409,Orpheusan,Peloponnese,Spartans,Miner,
410,Critiasion,Peloponnese,Spartans,General,
411,Eurymedonan,Peloponnese,Spartans,General,
412,Bellerophonos,Peloponnese,Spartans,Miner,
413,Pythagorasas,Peloponnese,Spartans,Priest,The Ancient Wisdom Carrier
414,Alexandrosicles,Peloponnese,Spartans,General,
415,Gorgiasas,Peloponnese,Spartans,Statesman,
416,Dicaearchusicles,Peloponnese,Spartans,General,
417,Sophocleson,Peloponnese,Spartans,Statesman,
418,Aristotleides,Peloponnese,Spartans,General,
419,Bacchylidesion,Peloponnese,Spartans,,
420,Dioscuridesus,Peloponnese,Spartans,General,
421,Hellasas,Peloponnese,Spartans,General,
422,Dionicles,Peloponnese,Spartans,Ruling Elite,
423,Xenophonion,Peloponnese,Spartans,General,
424,Ictinusos,Peloponnese,Spartans,Statesman,
425,Lysanderion,Peloponnese,Spartans,General,
426,Thespisenor,Peloponnese,Spartans,General,
427,Platoas,Peloponnese,Spartans,General,
428,Aristidesus,Peloponnese,Spartans,General,
429,Hippocratesos,Peloponnese,Spartans,General,
430,Lycurgusicles,Peloponnese,Spartans,Admiral,
431,Socratesicles,Peloponnese,Spartans,Priestess,The Owl of Athena
432,Archimedeson,Peloponnese,Spartans,General,
433,Aristarchusicles,Peloponnese,Spartans,General,
434,Dionan,Peloponnese,Spartans,General,
435,Simonidesas,Peloponnese,Spartans,Treasurer,
436,Hipponaxas,Peloponnese,Spartans,Admiral,
437,Aristophanesicles,Peloponnese,Spartans,Marble Quarry Worker,
438,Seleukosus,Peloponnese,Spartans,Marble Quarry Worker,
439,Bellerophonan,Peloponnese,Spartans,General,
440,Carneadeses,Peloponnese,Spartans,General,
441,Aesopon,Peloponnese,Spartans,General,
442,Parmenidesan,Peloponnese,Spartans,Marble Quarry Worker,
443,Cliniasicles,Peloponnese,Spartans,Priest,
444,Pythagorasus,Peloponnese,Spartans,General,
445,Euclidenor,Peloponnese,Spartans,General,
446,Eumenesion,Peloponnese,Spartans,Priest,
447,Hippocratesicles,Peloponnese,Spartans,Statesman,
448,Corinnaus,Peloponnese,Spartans,General,
449,Metrodorusan,Peloponnese,Spartans,Statesman,
450,Eumenesenor,Peloponnese,Spartans,Farmer,
451,Ptolemyides,Peloponnese,Spartans,General,
452,Basilideson,Peloponnese,Spartans,General,
453,Agamemnonos,Peloponnese,Spartans,Priestess,Ancient Wisdom Carrier
454,Clituson,Peloponnese,Spartans,General,
455,Archytases,Peloponnese,Spartans,General,
456,Archilochusicles,Peloponnese,Spartans,General,Gifted Strategist
457,Clitusus,Peloponnese,Spartans,General,
458,Critiases,Peloponnese,Spartans,Priestess,
459,Antistheneson,Peloponnese,Spartans,General,
460,Sapphoos,Peloponnese,Spartans,General,
461,Simonidesicles,Peloponnese,Spartans,Priest,Ancient Wisdom Carrier
462,Hippasusus,Peloponnese,Spartans,General,
463,Hipparchiaion,Peloponnese,Spartans,General,
464,Cliniasan,Peloponnese,Spartans,General,
465,Efialtesicles,Peloponnese,Spartans,Marble Quarry Worker,
466,Cleisthenesos,Peloponnese,Spartans,General,
467,Cliniasion,Peloponnese,Spartans,General,
468,Ibycusus,Peloponnese,Spartans,General,
469,Eurymedonas,Peloponnese,Spartans,General,
470,Xenophonos,Peloponnese,Spartans,General,
471,Perseusan,Peloponnese,Spartans,Priestess,
472,Anaximenesenor,Peloponnese,Spartans,General,
473,Heraklesas,Peloponnese,Spartans,General,
474,Pausaniases,Peloponnese,Spartans,General,
475,Seleukosenor,Peloponnese,Spartans,Priest,
476,Iamblichusion,Peloponnese,Spartans,Admiral,
477,Platoan,Peloponnese,Spartans,General,Fearsome Gladiator
478,Leucippusos,Peloponnese,Spartans,Priest,
479,Dioscuridesion,Peloponnese,Spartans,Priest,
480,Lysanderos,Peloponnese,Spartans,General,
481,Epictetusos,Peloponnese,Spartans,Priest,
482,Eurymedonus,Peloponnese,Spartans,Colonist,
483,Artemisas,Peloponnese,Spartans,Farmer,
484,Pyrrhoan,Peloponnese,Spartans,Marble Quarry Worker,
485,Aristidesos,Peloponnese,Spartans,General,
486,Polybiusus,Peloponnese,Spartans,General,
487,Euclidan,Peloponnese,Spartans,Statesman,Resourceful Planner
488,Periclesides,Peloponnese,Spartans,Marble Quarry Worker,
489,Xenocratesenor,Peloponnese,Spartans,General,
490,Deinocratesenor,Peloponnese,Spartans,Rebel,
491,Achillesas,Peloponnese,Spartans,Marble Quarry Worker,Resourceful Planner
492,Euclidas,Peloponnese,Spartans,General,
493,Aspasiaas,Peloponnese,Spartans,General,
494,Achillesus,Peloponnese,Spartans,General,
495,Demosthenesides,Peloponnese,Spartans,Colonist,
496,Empedocleses,Peloponnese,Spartans,Olympic Athlete,
497,Zopyrusan,Peloponnese,Spartans,General,
498,Lycurguses,Peloponnese,Spartans,General,
499,Hippasuson,Peloponnese,Spartans,General,
500,Aeschyluson,Peloponnese,Spartans,General,
501,Anaxagorasides,Peloponnese,Spartans,Marble Quarry Worker,
502,Gorgiasides,Peloponnese,Spartans,Rebel,
503,Thespisus,Peloponnese,Spartans,General,
504,Timaeusenor,Peloponnese,Spartans,General,
505,Hippocratesides,Peloponnese,Spartans,General,
506,Sapphoion,Peloponnese,Spartans,General,
507,Pausaniasicles,Peloponnese,Spartans,General,Charismatic Leader
508,Philipposides,Peloponnese,Spartans,General,
509,Demostheneson,Peloponnese,Spartans,General,
510,Sophrones,Peloponnese,Spartans,Priestess,
511,Euclidon,Peloponnese,Spartans,General,
512,Damasiasenor,Peloponnese,Spartans,General,
513,Dionides,Peloponnese,Spartans,Ruling Elite,
514,Herodotusicles,Peloponnese,Spartans,General,
515,Hesiodos,Peloponnese,Spartans,General,
516,Ictinuson,Peloponnese,Spartans,General,
517,Carneadeson,Peloponnese,Spartans,Miner,
518,Archytasan,Peloponnese,Spartans,General,Fearless Warrior
519,Socratesion,Peloponnese,Spartans,Colonist,
520,Chilonides,Peloponnese,Spartans,General,
521,Artemisicles,Peloponnese,Spartans,General,
522,Dicaearchuson,Peloponnese,Spartans,General,
523,Egestaus,Peloponnese,Spartans,Farmer,
524,Antiochusos,Peloponnese,Spartans,General,
525,Antisthenesos,Peloponnese,Spartans,General,
526,Hegesiasus,Peloponnese,Spartans,Olympic Athlete,
527,Agamemnonicles,Peloponnese,Spartans,Mathematician,
528,Platoicles,Peloponnese,Spartans,General,
529,Euclides,Peloponnese,Spartans,General,
530,Straboenor,Peloponnese,Spartans,Rebel,
531,Eurymedonicles,Peloponnese,Spartans,Miner,
532,Philipposan,Peloponnese,Spartans,Admiral,
533,Basilidesicles,Peloponnese,Spartans,General,
534,Lycurgusas,Peloponnese,Spartans,Miner,
535,Iamblichusicles,Peloponnese,Spartans,General,
536,Bacchylideses,Peloponnese,Spartans,Ruling Elite,
537,Damonos,Peloponnese,Spartans,General,
538,Hellasides,Peloponnese,Spartans,General,
539,Epicurusicles,Peloponnese,Spartans,General,
540,Aristideson,Peloponnese,Spartans,Marble Quarry Worker,
541,Hectoras,Peloponnese,Spartans,General,Stealth Specialist
542,Lycurgusos,Peloponnese,Spartans,General,
543,Anaxagorases,Peloponnese,Spartans,Ruling Elite,
544,Theocritusos,Peloponnese,Spartans,General,
545,Euphorionides,Peloponnese,Spartans,Miner,
546,Aspasiaus,Peloponnese,Spartans,General,
547,Zopyrusion,Peloponnese,Spartans,Miner,
548,Cypselusides,Peloponnese,Spartans,General,
549,Periclesos,Peloponnese,Spartans,Rebel,
550,Leonidasus,Peloponnese,Spartans,Admiral,Diplomatic Negotiator
551,Ictinusan,Peloponnese,Spartans,General,
552,Callisthenesus,Peloponnese,Spartans,General,
553,Xenophonan,Peloponnese,Spartans,General,
554,Aeschylusos,Peloponnese,Spartans,Farmer,
555,Aristotleos,Peloponnese,Spartans,General,
556,Zopyrusus,Peloponnese,Spartans,General,
557,Deinocratesus,Peloponnese,Spartans,General,
558,Theocritusicles,Peloponnese,Spartans,Priest,
559,Orpheuson,Peloponnese,Spartans,General,
560,Lycurgusides,Peloponnese,Spartans,General,
561,Aristidesicles,Peloponnese,Spartans,General,
562,Chilonion,Peloponnese,Spartans,General,
563,Cratesicles,Peloponnese,Spartans,General,
564,Cleistheneses,Peloponnese,Spartans,General,
565,Philipposenor,Peloponnese,Spartans,General,
566,Periclesus,Peloponnese,Spartans,General,
567,Zenoides,Peloponnese,Spartans,Rebel,Charismatic Leader
568,Diotimaenor,Peloponnese,Spartans,Priest,
569,Platoes,Peloponnese,Spartans,General,Charismatic Leader
570,Epicurusenor,Peloponnese,Spartans,General,
571,Aristophanesos,Peloponnese,Spartans,General,
572,Apolloniuses,Peloponnese,Spartans,Marble Quarry Worker,
573,Cliniason,Peloponnese,Spartans,General,
574,Bionion,Peloponnese,Spartans,General,
575,Hipponaxos,Peloponnese,Spartans,General,
576,Anaximanderion,Peloponnese,Spartans,Priestess,
577,Heraclituses,Peloponnese,Spartans,Admiral,
578,Hipparchiaon,Peloponnese,Spartans,General,
579,Callimachusus,Peloponnese,Spartans,General,
580,Timaeuses,Peloponnese,Spartans,General,
581,Cratesion,Peloponnese,Spartans,Marble Quarry Worker,
582,Cliniasos,Peloponnese,Spartans,General,
583,Anaximeneses,Peloponnese,Spartans,General,
584,Anaxagorasus,Peloponnese,Spartans,General,
585,Hippasusicles,Peloponnese,Spartans,General,
586,Epictetusus,Peloponnese,Spartans,Colonist,
587,Aeschylusides,Peloponnese,Spartans,Statesman,
588,Callistheneson,Peloponnese,Spartans,General,
589,Herodotusas,Peloponnese,Spartans,General,
590,Eratosthenesus,Peloponnese,Spartans,Rebel,Stealth Specialist
591,Efialtesas,Peloponnese,Spartans,General,
592,Bacchylidesus,Peloponnese,Spartans,General,
593,Anaxagorasenor,Peloponnese,Spartans,General,
594,Callimachusion,Peloponnese,Spartans,Priestess,
595,Homeros,Peloponnese,Spartans,General,
596,Perseusenor,Peloponnese,Spartans,General,
597,Hegesiases,Peloponnese,Spartans,Priest,
598,Dionenor,Peloponnese,Spartans,Statesman,
599,Menanderenor,Peloponnese,Spartans,General,
600,Epicurusus,Peloponnese,Spartans,Ruling Elite,
601,Perseusus,Peloponnese,Spartans,General,
602,Sapphoon,Peloponnese,Spartans,General,
603,Theseusan,Peloponnese,Spartans,Woodcutter,Ingenious Inventor
604,Cratesides,Peloponnese,Spartans,Rebel,
605,Lycurgusus,Peloponnese,Spartans,Rebel,
606,Sophronicles,Peloponnese,Spartans,General,
607,Dicaearchusides,Peloponnese,Spartans,General,
608,Chilonos,Peloponnese,Spartans,General,
609,Bellerophonion,Peloponnese,Spartans,General,
610,Archytasas,Peloponnese,Spartans,Ruling Elite,
611,Alexandrosos,Peloponnese,Spartans,Admiral,
612,Metrodorusicles,Peloponnese,Spartans,General,
613,Alexandrosides,Peloponnese,Spartans,General,
614,Agamemnonides,Peloponnese,Spartans,General,
615,Anaximanderenor,Peloponnese,Spartans,General,
616,Xenophaneson,Peloponnese,Spartans,Rebel,
617,Thalesicles,Peloponnese,Spartans,Ruling Elite,
618,Dionysiosenor,Peloponnese,Spartans,General,
619,Gorgiasan,Peloponnese,Spartans,General,
620,Antiochusides,Peloponnese,Spartans,Statesman,
621,Ictinusicles,Peloponnese,Spartans,Statesman,
622,Herophilusenor,Peloponnese,Spartans,General,
623,Corinnaenor,Peloponnese,Spartans,Rebel,
624,Diotimaas,Peloponnese,Spartans,General,
625,Archimedesicles,Peloponnese,Spartans,Miner,
626,Aristarchusion,Peloponnese,Spartans,General,
627,Hesiodon,Peloponnese,Spartans,Colonist,
628,Bionicles,Peloponnese,Spartans,General,
629,Cimonion,Peloponnese,Spartans,General,
630,Ptolemaiosos,Peloponnese,Spartans,General,
631,Solones,Peloponnese,Spartans,General,
632,Dioscuridesos,Peloponnese,Spartans,General,
633,Anaxagorasenor,Peloponnese,Spartans,General,
634,Damonides,Peloponnese,Spartans,Ruling Elite,
635,Agamemnonenor,Peloponnese,Spartans,General,
636,Basilidesan,Peloponnese,Spartans,General,
637,Arrianes,Peloponnese,Spartans,Admiral,
638,Diotimaes,Peloponnese,Spartans,Priestess,
639,Lycurgusion,Peloponnese,Spartans,General,
640,Polybiusas,Peloponnese,Spartans,General,
641,Heraklesicles,Peloponnese,Spartans,General,
642,Seleukosicles,Peloponnese,Spartans,General,
643,Damonenor,Peloponnese,Spartans,General,
644,Damasiasos,Peloponnese,Spartans,Farmer,
645,Dicaearchusenor,Peloponnese,Spartans,General,
646,Harmodiusides,Attica,Athenians,General,
647,Cimonon,Attica,Athenians,General,
648,Apolloniusas,Attica,Athenians,Olympic Athlete,
649,Hipponaxan,Attica,Athenians,General,
650,Aristophanesides,Attica,Athenians,General,
651,Bryaxisus,Attica,Athenians,Colonist,
652,Leonidases,Attica,Athenians,Statesman,
653,Thucydidesos,Attica,Athenians,General,
654,Perseuses,Attica,Athenians,Priestess,
655,Hipponaxicles,Attica,Athenians,General,
656,Theophrastuses,Attica,Athenians,Farmer,
657,Pyrrhoicles,Attica,Athenians,General,
658,Sophronas,Attica,Athenians,General,
659,Battusicles,Attica,Athenians,Marble Quarry Worker,Ingenious Inventor
660,Alexandrosas,Attica,Athenians,Rebel,
661,Cypselusan,Attica,Athenians,General,
662,Ptolemaiosus,Attica,Athenians,General,
663,Epicurusides,Attica,Athenians,General,
664,Strabous,Attica,Athenians,General,
665,Sophronos,Attica,Athenians,General,
666,Pyrrhosion,Attica,Athenians,General,
667,Aeschyluses,Attica,Athenians,General,
668,Pausaniasos,Attica,Athenians,General,
669,Democritusan,Attica,Athenians,Ruling Elite,
670,Cliniases,Attica,Athenians,General,
671,Basilidesides,Attica,Athenians,General,
672,Isocratesas,Attica,Athenians,General,
673,Theophrastusan,Attica,Athenians,Rebel,
674,Deinocrateson,Attica,Athenians,General,
675,Dionysiosan,Attica,Athenians,General,
676,Polybiusides,Attica,Athenians,Rebel,
677,Chilonas,Attica,Athenians,General,
678,Menanderos,Attica,Athenians,General,
679,Impruhsan,Attica,Athenians,General,
680,Aspasiaes,Attica,Athenians,General,
681,Bacchylidesas,Attica,Athenians,Rebel,The Warmonger
682,Antisthenesenor,Attica,Athenians,Olympic Athlete,
683,Epictetuses,Attica,Athenians,General,
684,Dioscuridesas,Attica,Athenians,General,
685,Hippocratesion,Attica,Athenians,General,
686,Eumeneses,Attica,Athenians,Miner,
687,Aeschylusus,Attica,Athenians,General,
688,Dicaearchuses,Attica,Athenians,General,
689,Chilonenor,Attica,Athenians,General,
690,Theophrastusion,Attica,Athenians,General,
691,Agamemnonas,Attica,Athenians,General,
692,Egestaon,Attica,Athenians,General,
693,Herodotuses,Attica,Athenians,Farmer,
694,Aristarchusus,Attica,Athenians,Priest,
695,Antiochuson,Attica,Athenians,General,
696,Asclepiadeson,Attica,Athenians,Rebel,Cunning Deceiver
697,Dioscuridesides,Attica,Athenians,Ruling Elite,
698,Lysanderes,Attica,Athenians,General,
699,Pausaniasus,Attica,Athenians,General,
700,Plutarchan,Attica,Athenians,General,
701,Antisthenesas,Attica,Athenians,Rebel,
702,Cimonan,Attica,Athenians,General,
703,Herakleson,Attica,Athenians,Olympic Athlete,
704,Democritusus,Attica,Athenians,General,
705,Demosthenesas,Attica,Athenians,Priest,
706,Dioclesion,Attica,Athenians,Rebel,
707,Philipposion,Attica,Athenians,General,Fearsome Gladiator
708,Efialtesus,Attica,Athenians,General,
709,Basilideses,Attica,Athenians,General,
710,Aggea of Eleaan,Attica,Athenians,General,
711,Ptolemaiosicles,Attica,Athenians,General,
712,Ictinusenor,Attica,Athenians,General,
713,Archytasus,Attica,Athenians,General,Charismatic Leader
714,Euripidesicles,Attica,Athenians,Statesman,
715,Archilochusides,Attica,Athenians,General,
716,Ptolemaioson,Attica,Athenians,General,
717,Protagorasion,Attica,Athenians,General,
718,Ptolemaioses,Attica,Athenians,General,
719,Lycurgusan,Attica,Athenians,General,
720,Aspasiaides,Attica,Athenians,General,
721,Leucippusenor,Attica,Athenians,General,
722,Anaximanderon,Attica,Athenians,General,
723,Diones,Attica,Athenians,General,
724,Hipparchuses,Attica,Athenians,General,Gifted Strategist
725,Anaxagorasion,Attica,Athenians,General,
726,Clitusides,Attica,Athenians,Farmer,
727,Aspasiaicles,Attica,Athenians,General,
728,Aristophanesus,Attica,Athenians,General,
729,Demetriuson,Attica,Athenians,miner,
730,Zopyrusos,Attica,Athenians,General,
731,Theocrituson,Attica,Athenians,Priest,Ancient Wisdom Carrier
732,Philipposas,Attica,Athenians,Ruling Elite,
733,Aesopion,Attica,Athenians,Farmer,
734,Pyrrhoes,Attica,Athenians,General,
735,Iamblichuses,Attica,Athenians,General,
736,Hipponaxus,Attica,Athenians,Miner,
737,Hippasusan,Attica,Athenians,Statesman,
738,Solonus,Attica,Athenians,Rebel,
739,Zopyrusenor,Attica,Athenians,General,
740,Thespisos,Attica,Athenians,General,
741,Bryaxison,Attica,Athenians,General,
742,Ictinusides,Attica,Athenians,General,
743,Andronikoses,Attica,Athenians,General,
744,Hippocratesus,Attica,Athenians,General,
745,Artemisides,Attica,Athenians,General,
746,Anaxagorasas,Attica,Athenians,General,
747,Hippasuses,Attica,Athenians,General,
748,Cypselusion,Attica,Athenians,General,
749,Straboas,Attica,Athenians,Olympic Athlete,
750,Epicurusion,Attica,Athenians,General,
751,Xenocratesicles,Attica,Athenians,Statesman,
752,Orpheusos,Attica,Athenians,Priestess,Mystical Sage
753,Epicurusion,Attica,Athenians,Rebel,
754,Eurymedones,Attica,Athenians,General,
755,Theophrastusos,Attica,Athenians,General,
756,Aristarchuses,Attica,Athenians,General,
757,Orpheusenor,Attica,Athenians,Miner,
758,Hesiodenor,Attica,Athenians,General,
759,Ictinusas,Attica,Athenians,General,
760,Parmenidesicles,Attica,Athenians,General,
761,Crateses,Attica,Athenians,General,
762,Cratesas,Attica,Athenians,Miner,
763,Dracoes,Attica,Athenians,General,
764,Dracoon,Attica,Athenians,General,
765,Pyrrhoion,Attica,Athenians,General,
766,Xenocratesion,Attica,Athenians,General,
767,Pyrrhoos,Attica,Athenians,General,
768,Bionides,Attica,Athenians,Miner,
769,Hectoran,Attica,Athenians,General,
770,Archimedesides,Attica,Athenians,General,
771,Echecratesides,Attica,Athenians,General,
772,Eumeneson,Attica,Athenians,Rebel,
773,Sophocleses,Attica,Athenians,Ruling Elite,
774,Asclepiadesas,Attica,Athenians,General,Heroic Sacrifice
775,Antisthenesus,Attica,Athenians,General,
776,Parmenidesenor,Attica,Athenians,General,
777,Asclepiadesicles,Attica,Athenians,General,
778,Carneadesides,Attica,Athenians,General,
779,Bacchylidesenor,Attica,Athenians,General,
780,Simonidesos,Attica,Athenians,General,
781,Anaximanderus,Attica,Athenians,General,
782,Bryaxises,Attica,Athenians,General,
783,Callimachuses,Attica,Athenians,General,
784,Thucydidesion,Attica,Athenians,Farmer,
785,Antiochusenor,Attica,Athenians,General,
786,Callimachuson,Attica,Athenians,General,
787,Egestaicles,Attica,Athenians,General,
788,Socratesos,Attica,Athenians,General,
789,Ibycusides,Attica,Athenians,Statesman,
790,Echecratesion,Attica,Athenians,General,
791,Zopyrusides,Attica,Athenians,Priest,
792,Sophronon,Attica,Athenians,Rebel,
793,Callisthenesas,Attica,Athenians,Miner,
794,Protagorasides,Attica,Athenians,Farmer,
795,Deinocrateses,Attica,Athenians,Ruling Elite,Wise Mentor
796,Chilones,Attica,Athenians,Priest,Ancient Wisdom Carrier
797,Dionysiosus,Attica,Athenians,Rebel,
798,Cleisthenesenor,Attica,Athenians,Miner,
799,Hegesiasion,Attica,Athenians,General,
800,Pericleses,Attica,Athenians,General,
801,Zenoas,Attica,Athenians,General,
802,Homericles,Attica,Athenians,General,
803,Theseusos,Attica,Athenians,General,
804,Herophilusan,Attica,Athenians,General,
805,Solonenor,Attica,Athenians,Priest,
806,Thucydidesenor,Attica,Athenians,General,
807,Euripidesan,Attica,Athenians,Farmer,
808,Lysanderenor,Attica,Athenians,General,
809,Pythagorasion,Attica,Athenians,General,
810,Aeschylusas,Attica,Athenians,Rebel,
811,Hippasusenor,Attica,Athenians,General,
812,Diotimaion,Attica,Athenians,Priest,
813,Cleopatraenor,Attica,Athenians,General,
814,Aristotleion,Attica,Athenians,General,
815,Thespisas,Attica,Athenians,General,Fierce Protector
816,Demetriusion,Attica,Athenians,General,
817,Hipparchiaas,Attica,Athenians,General,
818,Herodotusenor,Attica,Athenians,Ruling Elite,
819,Xenophanesides,Attica,Athenians,General,
820,Xenophonas,Attica,Athenians,General,
821,Diotimaicles,Attica,Athenians,Priest,
822,Hegesiasas,Attica,Athenians,General,
823,Anaximanderas,Attica,Athenians,General,
824,Zenoon,Attica,Athenians,General,
825,Dracoan,Attica,Athenians,General,
826,Cleisthenesicles,Attica,Athenians,General,
827,Battuses,Attica,Athenians,Priest,
828,Achillesion,Attica,Athenians,Marble Quarry Worker,
829,Bacchylidesicles,Attica,Athenians,General,
830,Hellasus,Attica,Athenians,General,
831,Metrodorusenor,Attica,Athenians,Priest,Ancient Wisdom Carrier
832,Dracous,Attica,Athenians,Priest,
833,Hesiodan,Attica,Athenians,General,
834,Xenophonicles,Attica,Athenians,Rebel,
835,Anaximenesos,Attica,Athenians,General,
836,Menanderon,Attica,Athenians,General,
837,Democritusas,Attica,Athenians,General,
838,Theocritusion,Attica,Athenians,General,
839,Antiochuses,Attica,Athenians,General,
840,Eratostheneson,Attica,Athenians,General,Fierce Protector
841,Pausaniasides,Attica,Athenians,General,
842,Hippasusas,Attica,Athenians,General,
843,Euripideses,Attica,Athenians,General,
844,Euripidesos,Attica,Athenians,General,
845,Orpheusas,Attica,Athenians,Olympic Athlete,
846,Hesiodes,Attica,Athenians,Priest,
847,Epictetuson,Attica,Athenians,Priestess,The Light
848,Solonas,Attica,Athenians,General,
849,Iamblichusas,Attica,Athenians,General,
850,Critiasos,Attica,Athenians,General,
851,Egestaion,Attica,Athenians,General,
852,Hipparchusicles,Attica,Athenians,General,The Conquerer
853,Damones,Attica,Athenians,General,
854,Callimachusides,Attica,Athenians,General,
855,Bellerophonon,Attica,Athenians,Miner,The Extractor
856,Parmenidesos,Attica,Athenians,General,
857,Andronikosas,Attica,Athenians,Admiral,
858,Hegesiason,Attica,Athenians,General,
859,Aeschylusenor,Attica,Athenians,General,
860,Anaxagorasicles,Attica,Athenians,General,
861,Crateson,Attica,Athenians,General,
862,Hippasusion,Attica,Athenians,General,
863,Diotimaan,Attica,Athenians,General,
864,Damasiasus,Attica,Athenians,General,
865,Alexandroses,Attica,Athenians,General,
866,Ibycuson,Attica,Athenians,Miner,
867,Demetriusides,Attica,Athenians,General,
868,Ptolemaiosan,Attica,Athenians,General,
869,Demetriusos,Attica,Athenians,General,
870,Perseusides,Attica,Athenians,General,
871,Theophrastuson,Attica,Athenians,General,
872,Achillesan,Attica,Athenians,Field Doctor,
873,Demetriusicles,Attica,Athenians,General,
874,Seleukoses,Attica,Athenians,Admiral,
875,Sophoclesus,Attica,Athenians,General,
876,Hellason,Attica,Athenians,Miner,
877,Homerenor,Attica,Athenians,Priest,
878,Aristarchusenor,Attica,Athenians,General,
879,Sophronus,Attica,Athenians,Rebel,
880,Plutarchion,Attica,Athenians,General,
881,Egestaos,Attica,Athenians,General,
882,Cleopatraos,Attica,Athenians,Priest,
883,Echecratesus,Attica,Athenians,General,
884,Epicurusenor,Attica,Athenians,Rebel,
885,Archilochusenor,Attica,Athenians,General,
886,Arrianicles,Attica,Athenians,Priestess,
887,Lycurgusenor,Attica,Athenians,General,
888,Herophiluson,Attica,Athenians,General,
889,Cypselusenor,Attica,Athenians,Priest,
890,Dicaearchusan,Attica,Athenians,General,
891,Basilidesion,Attica,Athenians,General,Unyielding Defender
892,Cimonenor,Attica,Athenians,General,
893,Straboan,Attica,Athenians,General,
894,Hipparchuson,Attica,Athenians,General,
895,Theseusenor,Attica,Athenians,General,
896,Epicuruses,Attica,Athenians,General,
897,Diotimaides,Attica,Athenians,General,
898,Antisthenesion,Attica,Athenians,General,
899,Bryaxisan,Attica,Athenians,Priestess,
900,Alexandrosion,Attica,Athenians,Admiral,
901,Hesiodion,Attica,Athenians,General,
902,Heraclitusenor,Attica,Athenians,Priest,
903,Damasiasan,Attica,Athenians,General,
904,Menanderion,Attica,Athenians,General,
905,Seleukosas,Attica,Athenians,Priest,
906,Empedoclesides,Attica,Athenians,Marble Quarry Worker,
907,Cleopatraides,Attica,Athenians,Marble Quarry Worker,
908,Xenophanesos,Attica,Athenians,General,
909,Hipparchiaan,Attica,Athenians,Priest,
910,Corinnaan,Attica,Athenians,Admiral,
911,Sapphoes,Attica,Athenians,Miner,
912,Epicurusides,Attica,Athenians,Marble Quarry Worker,
913,Empedoclesos,Attica,Athenians,General,
914,Theocritusan,Attica,Athenians,General,Unyielding Defender
915,Ibycusos,Attica,Athenians,Admiral,
916,Pyrrhoides,Attica,Athenians,General,
917,Critiasas,Attica,Athenians,Priestess,
918,Aristophanesus,Attica,Athenians,General,
919,Euphorionon,Attica,Athenians,Field Doctor,
920,Eratosthenesicles,Attica,Athenians,Priest,
921,Euripidesus,Attica,Athenians,Rebel,
922,Hippocratesenor,Attica,Athenians,Priest,The Son of Hercules
923,Arrianos,Attica,Athenians,General,
924,Efialtesides,Attica,Athenians,General,
925,Pyrrhosas,Attica,Athenians,General,
926,Battusan,Attica,Athenians,Colonist,
927,Archilochusan,Attica,Athenians,Priestess,
928,Anaximenesas,Attica,Athenians,General,
929,Bellerophonicles,Attica,Athenians,General,
930,Lysanderides,Attica,Athenians,General,
931,Carneadesan,Attica,Athenians,General,
932,Socrateson,Attica,Athenians,General,
933,Hegesiasicles,Attica,Athenians,Miner,
934,Herodotusus,Attica,Athenians,Colonist,
935,Agamemnonus,Attica,Athenians,General,
936,Eurymedonenor,Attica,Athenians,General,
937,Artemisos,Attica,Athenians,Field Doctor,
938,Hectoros,Attica,Athenians,General,
939,Helioclesan,Attica,Athenians,Statesman,
940,Demetriusas,Attica,Athenians,General,
941,Chilonon,Attica,Athenians,General,
942,Metrodorusion,Attica,Athenians,General,
943,Egestaan,Attica,Athenians,General,
944,Aesopas,Attica,Athenians,General,
945,Heraklesan,Attica,Athenians,General,
946,Aspasiaenor,Attica,Athenians,General,
947,Herophilusides,Attica,Athenians,General,
948,Demosthenesus,Attica,Athenians,General,
949,Dionysiosas,Attica,Athenians,General,
950,Periclesenor,Attica,Athenians,General,
951,Aristophaneses,Attica,Athenians,General,
952,Ictinusus,Attica,Athenians,Rebel,
953,Simonideson,Attica,Athenians,Rebel,
954,Diotimaos,Central Greece,Locrians,General,
955,Polybiuson,Central Greece,Locrians,Miner,The Cruel
956,Pausaniason,Central Greece,Locrians,General,
957,Archimedesenor,Central Greece,Locrians,Rebel,
958,Straboon,Central Greece,Locrians,General,
959,Efialtesos,Central Greece,Locrians,General,
960,Alexandroson,Central Greece,Locrians,General,
961,Epictetusenor,Central Greece,Locrians,General,
962,Hesiodicles,Central Greece,Locrians,General,
963,Thaleson,Central Greece,Locrians,General,
964,Parmenideses,Central Greece,Locrians,General,
965,Timaeusan,Central Greece,Locrians,Rebel,The Just
966,Carneadesas,Central Greece,Locrians,Mathematician,
967,Asclepiadeses,Central Greece,Locrians,Rebel,
968,Zenoos,Central Greece,Locrians,General,
969,Heliocleson,Central Greece,Locrians,General,
970,Ptolemyas,Central Greece,Locrians,Rebel,
971,Platous,Central Greece,Locrians,Priest,
972,Pyrrhosicles,Central Greece,Locrians,General,
973,Critiasan,Central Greece,Locrians,General,
974,Homerus,Central Greece,Locrians,General,
975,Parmenidesides,Central Greece,Locrians,General,
976,Seleukosan,Central Greece,Locrians,Rebel,
977,Thespison,Central Greece,Locrians,General,
978,Protagorasan,Central Greece,Locrians,Miner,
979,Hipparchiaicles,Central Greece,Locrians,General,
980,Euphorionenor,Central Greece,Locrians,General,
981,Euripidesides,Central Greece,Locrians,General,
982,Euphorionus,Central Greece,Locrians,Ruling Elite,
983,Hipparchusion,Central Greece,Locrians,Rebel,
984,Straboides,Central Greece,Locrians,General,
985,Menanderan,Central Greece,Locrians,General,
986,Eratosthenesos,Central Greece,Locrians,General,
987,Epicurusos,Central Greece,Locrians,Admiral,
988,Herakleses,Central Greece,Phocians,Ruling Elite,
989,Harmodiusos,Central Greece,Phocians,General,
990,Helioclesion,Central Greece,Phocians,General,
991,Herodotuson,Central Greece,Phocians,General,
992,Aesopos,Central Greece,Phocians,Priestess,
993,Hectorion,Central Greece,Phocians,General,
994,Pyrrhoas,Central Greece,Phocians,Colonist,
995,Epicurusicles,Central Greece,Phocians,General,
996,Anaximanderos,Central Greece,Phocians,General,
997,Apolloniusos,Central Greece,Phocians,General,
998,Iamblichusenor,Central Greece,Phocians,General,Unyielding Defender
999,Archytason,Central Greece,Phocians,General,
1000,Critiasides,Central Greece,Phocians,General,
1001,Eurymedonion,Central Greece,Phocians,General,
1002,Thalesas,Central Greece,Phocians,General,
1003,Cleisthenesan,Central Greece,Phocians,Farmer,
1004,Thalesides,Central Greece,Phocians,General,
1005,Dioclesos,Central Greece,Phocians,General,
1006,Efialteses,Central Greece,Phocians,General,
1007,Andronikosion,Central Greece,Phocians,General,
1008,Carneadesos,Central Greece,Phocians,General,
1009,Anaximanderes,Central Greece,Phocians,General,
1010,Archimedesus,Central Greece,Phocians,General,
1011,Hectoron,Central Greece,Phocians,Priest,
1012,Hipparchiaes,Central Greece,Phocians,Miner,
1013,Xenocratesus,Central Greece,Phocians,General,
1014,Herophilusion,Central Greece,Phocians,Woodcutter,
1015,Asclepiadesan,Central Greece,Phocians,Admiral,
1016,Sapphoenor,Central Greece,Phocians,General,
1017,Hipparchusus,Central Greece,Phocians,General,
1018,Aristophaneson,Central Greece,Phocians,Priestess,
1019,Eratosthenesan,Central Greece,Phocians,General,
1020,Cleisthenesion,Central Greece,Phocians,Miner,
1021,Anaximenesides,Central Greece,Phocians,Colonist,
1022,Demetriusan,Central Greece,Phocians,General,
1023,Helioclesenor,Central Greece,Phocians,Statesman,
1024,Thucydidesus,Central Greece,Phocians,General,
1025,Leucippusides,Central Greece,Phocians,Strategist,The Trojan Horse
1026,Thalesus,Central Greece,Phocians,General,
1027,Euclidus,Central Greece,Phocians,General,
1028,Artemises,Central Greece,Phocians,General,
1029,Perseusicles,Central Greece,Phocians,Rebel,
1030,Eumenesan,Central Greece,Phocians,Statesman,
1031,Isocratesos,Central Greece,Phocians,Marble Quarry Worker,
1032,Epictetusides,Central Greece,Phocians,General,
1033,Efialtesion,Central Greece,Phocians,Colonist,
1034,Epictetusion,Central Greece,Phocians,Priest,The Sorcerer
1035,Achilleson,Central Greece,Phocians,General,
1036,Leucippusicles,Central Greece,Phocians,General,
1037,Xenophanesan,Central Greece,Phocians,Priest,
1038,Eumenesus,Central Greece,Phocians,General,
1039,Plutarches,Central Greece,Phocians,General,
1040,Egestaenor,Central Greece,Phocians,Priest,
1041,Achillesos,Central Greece,Phocians,Miner,
1042,Chilonicles,Central Greece,Phocians,General,
1043,Pyrrhoses,Central Greece,Phocians,Ruling Elite,
1044,Hellases,Central Greece,Phocians,Rebel,
1045,Bionos,Central Greece,Phocians,Statesman,
1046,Pyrrhosides,Central Greece,Phocians,Farmer,
1047,Socratesas,Central Greece,Phocians,Priestess,The Owl of Athena
1048,Simonidesus,Central Greece,Phocians,Farmer,
1049,Hesiodas,Central Greece,Boeotians,General,
1050,Anaxagorasides,Central Greece,Boeotians,General,
1051,Apolloniusenor,Central Greece,Boeotians,General,
1052,Apolloniuson,Central Greece,Boeotians,Priestess,
1053,Epictetusicles,Central Greece,Boeotians,General,
1054,Hesiodides,Central Greece,Boeotians,Marble Quarry Worker,
1055,Anaxagorasion,Central Greece,Boeotians,General,
1056,Artemisus,Central Greece,Boeotians,General,
1057,Plutarchides,Central Greece,Boeotians,Miner,
1058,Theseusas,Central Greece,Boeotians,General,
1059,Eurymedonos,Central Greece,Boeotians,General,
1060,Empedoclesus,Central Greece,Boeotians,Treasurer,
1061,Biones,Central Greece,Boeotians,Woodcutter,
1062,Metrodorusas,Central Greece,Boeotians,General,
1063,Thucydidesides,Central Greece,Boeotians,General,
1064,Hippocrateses,Central Greece,Boeotians,General,
1065,Seleukoson,Central Greece,Boeotians,Ruling Elite,
1066,Aeschylusion,Central Greece,Boeotians,General,
1067,Damasiasides,Central Greece,Boeotians,General,
1068,Xenophanesas,Central Greece,Boeotians,Priest,
1069,Cypselusus,Central Greece,Boeotians,General,
1070,Sophoclesos,Central Greece,Boeotians,General,
1071,Deinocratesos,Central Greece,Boeotians,Priest,
1072,Thaleses,Central Greece,Boeotians,General,
1073,Theophrastusicles,Central Greece,Boeotians,General,
1074,Aristophaneses,Central Greece,Boeotians,General,
1075,Protagorasus,Central Greece,Boeotians,General,
1076,Parmenidesas,East Macedonia and Thrace,Thracians,General,
1077,Archytasos,East Macedonia and Thrace,Thracians,General,
1078,Zopyrusas,East Macedonia and Thrace,Thracians,General,
1079,Epicuruses,East Macedonia and Thrace,Thracians,General,
1080,Anaximenesus,East Macedonia and Thrace,Thracians,General,
1081,Aeschylusicles,East Macedonia and Thrace,Thracians,Priestess,
1082,Anaxagorason,East Macedonia and Thrace,Thracians,General,
1083,Harmodiuson,East Macedonia and Thrace,Thracians,General,
1084,Zenoan,East Macedonia and Thrace,Thracians,General,
1085,Alexandrosan,East Macedonia and Thrace,Thracians,General,
1086,Hegesiasan,East Macedonia and Thrace,Thracians,Miner,
1087,General Name,East Macedonia and Thrace,Thracians,General,
1088,Demosthenesan,East Macedonia and Thrace,Thracians,General,
1089,Hectorus,East Macedonia and Thrace,Thracians,General,
1090,Parmenidesion,East Macedonia and Thrace,Thracians,General,
1091,Battusides,East Macedonia and Thrace,Thracians,General,
1092,Eurymedonon,East Macedonia and Thrace,Thracians,General,
1093,Dracoides,East Macedonia and Thrace,Thracians,General,
1094,Basilidesas,East Macedonia and Thrace,Thracians,General,
1095,Carneadesenor,East Macedonia and Thrace,Thracians,Colonist,
1096,Democritusides,East Macedonia and Thrace,Thracians,General,
1097,Aristophanesion,East Macedonia and Thrace,Thracians,General,
1098,Lysanderon,East Macedonia and Thrace,Thracians,General,
1099,Platoon,East Macedonia and Thrace,Thracians,Colonist,
1100,Gorgiases,East Macedonia and Thrace,Thracians,General,
1101,Timaeusicles,East Macedonia and Thrace,Thracians,Admiral,
1102,Bryaxisos,East Macedonia and Thrace,Thracians,General,
1103,Ibycusion,East Macedonia and Thrace,Thracians,General,
1104,Theophrastusides,East Macedonia and Thrace,Thracians,Priest,
1105,Ptolemaiosides,East Macedonia and Thrace,Thracians,General,
1106,Simonidesan,East Macedonia and Thrace,Thracians,General,
1107,Empedoclesas,East Macedonia and Thrace,Thracians,General,
1108,Heraclitusion,East Macedonia and Thrace,Thracians,General,
1109,Ptolemaiosas,East Macedonia and Thrace,Thracians,General,
1110,Archimedeses,East Macedonia and Thrace,Thracians,General,
1111,Cleopatraas,East Macedonia and Thrace,Thracians,Priest,
1112,Thespisicles,East Macedonia and Thrace,Thracians,General,
1113,Pythagorases,East Macedonia and Thrace,Thracians,General,
1114,Battusus,East Macedonia and Thrace,Thracians,General,
1115,Plutarchon,East Macedonia and Thrace,Thracians,General,
1116,Lysandericles,East Macedonia and Thrace,Thracians,General,
1117,Aesopes,East Macedonia and Thrace,Thracians,Colonist,
1118,Damasiasicles,East Macedonia and Thrace,Thracians,General,
1119,Pausaniasan,East Macedonia and Thrace,Thracians,General,
1120,Cypselusos,East Macedonia and Thrace,Thracians,General,
1121,Dioclesas,East Macedonia and Thrace,Thracians,Priest,
1122,Aspasiaan,East Macedonia and Thrace,Thracians,General,
1123,Cypselusicles,East Macedonia and Thrace,Thracians,General,
1124,Solonion,East Macedonia and Thrace,Thracians,General,
1125,Timaeusus,East Macedonia and Thrace,Thracians,General,Unyielding Defender
1126,Asclepiadesion,East Macedonia and Thrace,Thracians,General,
1127,Pyrrhoson,East Macedonia and Thrace,Thracians,Priestess,
1128,Harmodiusus,East Macedonia and Thrace,Thracians,General,
1129,Empedoclesenor,East Macedonia and Thrace,Thracians,General,
1130,Aristophanesos,East Macedonia and Thrace,Thracians,General,
1131,Battusion,East Macedonia and Thrace,Thracians,General,
1132,Aeschylusan,East Macedonia and Thrace,Thracians,Statesman,
1133,Iamblichusus,East Macedonia and Thrace,Thracians,General,
1134,Aspasiaion,East Macedonia and Thrace,Thracians,General,
1135,Bellerophones,East Macedonia and Thrace,Thracians,Rebel,
1136,Hipparchiaos,East Macedonia and Thrace,Thracians,General,
1137,Dracoas,East Macedonia and Thrace,Thracians,General,
1138,Perseuson,East Macedonia and Thrace,Thracians,General,
1139,Epicurusas,East Macedonia and Thrace,Thracians,General,
1140,Hipparchiaenor,East Macedonia and Thrace,Thracians,General,
1141,Bryaxisenor,East Macedonia and Thrace,Thracians,General,
1142,Carneadesicles,East Macedonia and Thrace,Thracians,General,
1143,Apolloniusan,East Macedonia and Thrace,Thracians,Admiral,
1144,Xenocratesides,East Macedonia and Thrace,Thracians,General,
1145,Callisthenesos,East Macedonia and Thrace,Thracians,General,
1146,Anaxagorasicles,East Macedonia and Thrace,Thracians,General,
1147,Bryaxisicles,East Macedonia and Thrace,Thracians,General,
1148,Parmenideson,East Macedonia and Thrace,Thracians,General,
1149,Dioclesicles,East Macedonia and Thrace,Thracians,General,
1150,Zepeno of Eleaicles,East Macedonia and Thrace,Thracians,General,
1151,Antiochusus,East Macedonia and Thrace,Thracians,General,
1152,Echecratesas,East Macedonia and Thrace,Thracians,General,
1153,Theocritusus,East Macedonia and Thrace,Thracians,General,
1154,Bionas,East Macedonia and Thrace,Thracians,General,
1155,Antisthenesicles,East Macedonia and Thrace,Thracians,General,
1156,Euclidos,East Macedonia and Thrace,Thracians,General,
1157,Thucydidesenor,East Macedonia and Thrace,Thracians,General,
1158,Cleopatraus,East Macedonia and Thrace,Thracians,Ruling Elite,
1159,Archilochusas,East Macedonia and Thrace,Thracians,General,
1160,Hectorenor,East Macedonia and Thrace,Thracians,General,
1161,Epictetusan,East Macedonia and Thrace,Thracians,General,
1162,Echecrateson,East Macedonia and Thrace,Thracians,General,
1163,Aesopides,East Macedonia and Thrace,Thracians,Woodcutter,
1164,Pythagorasides,East Macedonia and Thrace,Thracians,General,
1165,Eratosthenesides,East Macedonia and Thrace,Thracians,General,
1166,Metrodoruses,East Macedonia and Thrace,Thracians,Rebel,
1167,Dioclesenor,East Macedonia and Thrace,Thracians,General,
1168,Agamemnonion,East Macedonia and Thrace,Thracians,Ruling Elite,
1169,Philipposicles,East Macedonia and Thrace,Thracians,Field Doctor,
1170,Dioscurideses,East Macedonia and Thrace,Thracians,General,
1171,Dioscuridesicles,East Macedonia and Thrace,Thracians,Priest,
1172,Sophronides,Northern Aegean Sea,Aeolians,General,
1173,Dionysiosicles,Northern Aegean Sea,Aeolians,General,
1174,Damasiases,Northern Aegean Sea,Aeolians,General,
1175,Timaeusides,Northern Aegean Sea,Aeolians,General,
1176,Callimachusos,Northern Aegean Sea,Aeolians,General,
1177,Pyrrhoon,Northern Aegean Sea,Aeolians,Priest,
1178,Bacchylidesides,Northern Aegean Sea,Aeolians,General,
1179,Anaxagorasan,Northern Aegean Sea,Aeolians,Statesman,
1180,Xenophanesicles,Northern Aegean Sea,Aeolians,Admiral,
1181,Andronikosan,Northern Aegean Sea,Aeolians,Colonist,
1182,Archilochusos,Northern Aegean Sea,Aeolians,Statesman,
1183,Leonidasenor,Northern Aegean Sea,Aeolians,General,
1184,Harmodiusicles,Northern Aegean Sea,Aeolians,Priest,The Burnt
1185,Callimachusan,Northern Aegean Sea,Aeolians,General,
1186,Cimonicles,Northern Aegean Sea,Aeolians,General,
1187,Thucydidesides,Northern Aegean Sea,Aeolians,General,
1188,Apolloniusus,Northern Aegean Sea,Aeolians,General,
1189,Dioscuridesenor,Northern Aegean Sea,Aeolians,General,
1190,Aristophanesides,Northern Aegean Sea,Aeolians,Priest,
1191,Pausaniasas,Northern Aegean Sea,Aeolians,General,
1192,Sophronion,Northern Aegean Sea,Aeolians,General,
1193,Menanderides,Northern Aegean Sea,Aeolians,General,
1194,Demosthenesos,Northern Aegean Sea,Aeolians,General,
1195,Metrodorusus,Northern Aegean Sea,Aeolians,General,
1196,Bacchylideson,Northern Aegean Sea,Aeolians,General,
1197,Helioclesus,Northern Aegean Sea,Aeolians,Admiral,
1198,Pyrrhosos,Northern Aegean Sea,Aeolians,General,
1199,Agamemnonon,Northern Aegean Sea,Aeolians,General,
1200,Asclepiadesus,Southern Aegean Sea,Aeolians,Rebel,
1201,Echecrateses,Southern Aegean Sea,Aeolians,General,
1202,Ptolemyes,Southern Aegean Sea,Ionians,Farmer,
1203,Hegesiasenor,Southern Aegean Sea,Ionians,Rebel,
1204,Anaxagorason,Southern Aegean Sea,Ionians,General,
1205,Polybiusan,Southern Aegean Sea,Ionians,General,
1206,Democritusos,Southern Aegean Sea,Ionians,General,
1207,Cleopatraicles,Southern Aegean Sea,Ionians,General,
1208,Eratosthenesas,Southern Aegean Sea,Ionians,General,
1209,Metrodorusos,Southern Aegean Sea,Ionians,General,
1210,Thalesenor,Southern Aegean Sea,Ionians,General,
1211,Theocritusas,Southern Aegean Sea,Ionians,General,
1212,Sophoclesan,Southern Aegean Sea,Ionians,Miner,
1213,Aristophanesas,Southern Aegean Sea,Ionians,Marble Quarry Worker,Visionary Architect
1214,Periclesas,Southern Aegean Sea,Ionians,Farmer,
1215,Homeras,Southern Aegean Sea,Ionians,Priestess,
1216,Cratesan,Southern Aegean Sea,Ionians,General,
1217,Herodotusan,Southern Aegean Sea,Ionians,General,
1218,Hellasos,Southern Aegean Sea,Ionians,General,
1219,Sophronan,Southern Aegean Sea,Ionians,General,
1220,Corinnaas,Southern Aegean Sea,Ionians,General,
1221,Thespises,Southern Aegean Sea,Ionians,General,
1222,Echecratesenor,Southern Aegean Sea,Ionians,General,
1223,Archilochuson,Southern Aegean Sea,Ionians,Statesman,
1224,Callisthenesan,Southern Aegean Sea,Ionians,Priest,
1225,Theseusion,Southern Aegean Sea,Ionians,General,
1226,Corinnaes,Southern Aegean Sea,Ionians,General,
1227,Isocratesides,Southern Aegean Sea,Ionians,Rebel,
1228,Eratosthenesion,Southern Aegean Sea,Ionians,Rebel,
1229,Cliniasus,Southern Aegean Sea,Ionians,Priestess,
1230,Leonidasas,Southern Aegean Sea,Ionians,General,
1231,Demetriusenor,Southern Aegean Sea,Ionians,General,
1232,Timaeuson,Southern Aegean Sea,Ionians,General,
1233,Hellasan,Southern Aegean Sea,Ionians,General,
1234,Demetriuses,Southern Aegean Sea,Ionians,General,
1235,Thucydidesas,Southern Aegean Sea,Ionians,General,
1236,Arrianon,Southern Aegean Sea,Ionians,Statesman,
1237,Cimones,Southern Aegean Sea,Ionians,Priest,
1238,Cleopatraion,Southern Aegean Sea,Ionians,General,
1239,Anaximeneson,Southern Aegean Sea,Ionians,General,
1240,Eratostheneses,Southern Aegean Sea,Ionians,Miner,
1241,Sophoclesas,Southern Aegean Sea,Ionians,Historian,
1242,Anaximenesion,Southern Aegean Sea,Ionians,Admiral,
1243,Zopyrusicles,Southern Aegean Sea,Ionians,Priest,
1244,Anaximenesan,Southern Aegean Sea,Ionians,General,
1245,Aristotlean,Southern Aegean Sea,Ionians,General,
1246,Anaxagorasos,Southern Aegean Sea,Ionians,General,
1247,Socrateses,Southern Aegean Sea,Ionians,General,
1248,Gorgiasos,Southern Aegean Sea,Ionians,General,
1249,Pericles of Eleaos,Southern Aegean Sea,Ionians,Priest,
1250,Hipparchusos,Southern Aegean Sea,Ionians,Treasurer,
1251,Euphorionos,Southern Aegean Sea,Ionians,General,
1252,Anaximandericles,Crete,Ionians,General,
1253,Harmodiusas,Crete,Ionians,Admiral,
1254,Lysanderan,Crete,Ionians,General,Visionary Architect
1255,Perseusos,Crete,Ionians,Rebel,
1256,Bryaxisas,Crete,Ionians,General,
1257,Cratesenor,Crete,Ionians,General,
1258,Epicurusos,Crete,Ionians,Priestess,
1259,Cleisthenesas,Crete,Ionians,General,
1260,Protagorasenor,Crete,Ionians,General,
1261,Orpheusicles,Crete,Ionians,General,
1262,Pericleson,Crete,Ionians,General,
1263,Isocratesenor,Crete,Ionians,General,
1264,Chilonan,Crete,Ionians,General,
1265,Protagorases,Crete,Ionians,General,
1266,Ibycuses,Crete,Ionians,General,
1267,Straboos,Crete,Ionians,Olympic Athlete,Legendary Duelist
1268,Pythagorasicles,Crete,Ionians,Colonist,
1269,Hellasicles,Crete,Ionians,Admiral,
1270,Battusenor,Crete,Ionians,General,
1271,Thucydidesion,Crete,Ionians,General,
1272,Lysanderus,Crete,Ionians,Admiral,
1273,Archimedesos,Crete,Ionians,General,
1274,Iamblichusides,Crete,Ionians,Priest,
1275,Thucydidesan,Crete,Ionians,Priestess,The Owl of Athena
1276,Xenophanesenor,Crete,Ionians,General,
1277,Egestaes,Crete,Ionians,General,
1278,Cleistheneson,Crete,Ionians,General,
1279,Archytasides,Crete,Ionians,General,
1280,Aristotleas,Crete,Ionians,General,
1281,Ptolemyon,Crete,Ionians,Woodcutter,
1282,Zeno of Eleaes,Crete,Ionians,General,
1283,Thucydideses,Crete,Ionians,Admiral,
1284,Archimedesas,Crete,Ionians,General,
1285,Hipponaxion,Crete,Ionians,General,
1286,Thespision,Crete,Ionians,Priest,
1287,Eumenesides,Crete,Ionians,Ruling Elite,
1288,Battuson,Crete,Ionians,Colonist,
1289,Hectoricles,Crete,Ionians,Admiral,
1290,Sophoclesion,Crete,Ionians,General,
1291,Leucippuses,Spanish Greek Colonies,Minoans,General,
1292,Corinnaides,Spanish Greek Colonies,Athenians,General,
1293,Cliniasenor,Spanish Greek Colonies,Minoans,Statesman,
1294,Andronikosos,Spanish Greek Colonies,Spartans,Admiral,
1295,Platoion,Crimean Greek Colonies,Pontic Greek,Priestess,
1296,Heraclitusas,Crimean Greek Colonies,Pontic Greek,Rebel,
1297,Perseusas,Crimean Greek Colonies,Pontic Greek,Priest,
1298,Ptolemyicles,Sicilian Greek Colonies,Ionians,Rebel,
1299,Iamblichuson,Sicilian Greek Colonies,Ionians,Priestess,
1300,Democritusicles,Sicilian Greek Colonies,Ionians,Statesman,
1301,Theseusus,Sicilian Greek Colonies,Minoans,General,Legendary Duelist
1302,Plutarchas,Sicilian Greek Colonies,Ionians,Rebel,
1303,Straboion,Sicilian Greek Colonies,Ionians,General,
1304,Timaeusas,Sicilian Greek Colonies,Ionians,Admiral,
1305,Antiochusas,Sicilian Greek Colonies,Ionians,Rebel,
1306,Bellerophonas,Sicilian Greek Colonies,Ionians,General,
1307,Anaxagorasa,Sicilian Greek Colonies,Ionians,Priestess,
1308,Callisthenesides,Sicilian Greek Colonies,Ionians,Priestess,
1309,Damonus,Sicilian Greek Colonies,Ionians,General,
1310,Xenophonenor,Crimean Greek Colonies,Pontic Greek,General,
1311,Simonidesenor,Crimean Greek Colonies,Pontic Greek,Priest,
1312,Hellasenor,Crimean Greek Colonies,Pontic Greek,Statesman,
1313,Thucydidesas,Crimean Greek Colonies,Minoans,Rebel,
1314,Cratesos,Crimean Greek Colonies,Pontic Greek,General,
1315,Pythagorasan,Crimean Greek Colonies,Pontic Greek,General,
1316,Alexandrosenor,Crimean Greek Colonies,Pontic Greek,Priest,
1317,Arrianides,Crimean Greek Colonies,Minoans,General,
1318,Pyrrhous,Crimean Greek Colonies,Minoans,Miner,
1319,Aesopenor,Crimean Greek Colonies,Pontic Greek,Treasurer,
1320,Philip of Eleaion,Crimean Greek Colonies,Pontic Greek,General,
1321,Dioscurideson,Crimean Greek Colonies,Pontic Greek,General,
1322,Philipposus,Crimean Greek Colonies,Pontic Greek,General,
1323,Platoenor,Crimean Greek Colonies,Pontic Greek,Marble Quarry Worker,
1324,Sapphoicles,Crimean Greek Colonies,Pontic Greek,General,Legendary Duelist
1325,Theophrastusenor,Crimean Greek Colonies,Pontic Greek,General,
1326,Euphorionan,Crimean Greek Colonies,Pontic Greek,General,
1327,Achillesenor,Crimean Greek Colonies,Pontic Greek,General,
1328,Corinnaos,Italian Greek Colonies,Minoans,Treasurer,
1329,Dicaearchusas,Italian Greek Colonies,Cretan,Priest,
1330,Ptolemyos,Italian Greek Colonies,Cretan,Admiral,
1331,Dracoos,Italian Greek Colonies,Cretan,General,
1332,Dioclesides,Italian Greek Colonies,Athenians,General,
1333,Aesopan,Italian Greek Colonies,Cretan,General,
1334,Clitusas,Italian Greek Colonies,Cretan,Rebel,
1335,Sophoclesides,Italian Greek Colonies,Cretan,General,
1336,Echecratesicles,Italian Greek Colonies,Athenians,Priest,
1337,Xenophonon,Crimean Greek Colonies,Pontic Greek,General,Shipwrecker